name,level,sex,ctime,rcount,like,content
maglorthesinger,5,女,1547896302,28,12962,传统媒体拥抱年轻人的成功案例(°∀°)ﾉ
紗棠糖糖糖,6,女,1547895879,16,4951,电视在放哈哈哈哈哈哈天嘞
橙橙橙橙橙子,6,女,1547896304,8,3143,配音小哥笑场了！扣钱！[蛆音娘_滑稽]
共青团中央,6,保密,1547903326,43,2155,我的快乐源泉[2233娘_喝水]
吃素的狮子,6,男,1547970553,44,1668,好想上一次1818黄金眼！
红蝇会会长,6,保密,1547901932,8,925,全国都在关注浙江人民日常生活2333
弹指一夕,6,男,1547896296,40,8239,未来b站的最强综艺即将诞生，我们都是见证者，哈哈[2233娘_大笑]
不明真相的意大利炮,6,男,1547955498,8,1564,我觉得B站的用户不是不喜欢看新闻，而是懒得去别的地方看。。。
重剑拌饭,6,保密,1547901686,12,573,我一个广东人，广东的新闻没看，光顾着关心你们浙江人的生活了，太膨胀了我。
说你个球,6,女,1547898073,7,588,不喜欢看浙江卫视的综艺节目，什么跑男，什么演员的诞生，矫揉造作，都太假。就爱看你们的6频道，1818黄金眼，钱塘老娘舅，相亲才会赢，这三档节目才好看。
枠怪,5,保密,1547911257,2,381,要不是这是个老牌综艺节目，我百分百会认为这是个营销号 求置顶
智障先疯,4,男,1547964417,1,262,"看着好笑，其实出了事不好笑的，记者小伙伴们辛苦了…鞠躬！
黄金眼之所以会红，是因为他（她）们有恒心，有毅力，有一颗寻求真相和维护正义的…emm怎么说着说着赶脚像是再说超级英雄？
不错！1818就是广大小伙伴们的英雄！
1818加油！

这种“管闲事”的栏目各个电视台不少，来自各个方面的鸭梨和威胁之类的也肯定很多！毕竟容易得罪人嘛…
唉～有不少这样的节目，“昙花一现”或者播着播着就“变味儿”，1818能始终如一，这应该就是大家爱1818的重要因素之一吧…"
宁初见丶,5,男,1547913725,5,208,我最喜欢的还是那句：有在床上一起休息过吗。
污洋爱咕蛹,6,男,1547988761,1,159,出现了，大型鬼畜素材稳定供应商，没有中间商（搬运工）赚差价[小电视_赞]
我永远爱战法,6,男,1547897773,6,111,话说我今年看1818时间最长，我自己都惊呆了[2233娘_吃惊]
撸色loser,6,男,1548579760,9,104,寒假在家无聊？可以兼职做复读机，跟我一样只需要手机就能做，复制粘贴即可，每天收入0元，我身边的朋友都在做。
藤原的漂移人生,4,保密,1547898542,0,53,对于某人打码的请求，我们拒绝了(°∀°)ﾉ
C选项_沉默,6,男,1547910464,3,102,"都放到网络上来播了，就不要用电视上的画质了吧……帧数和电视上一样可以理解，但是……
1）视频格式：网络时代就别管电视上的标准了，1080P，码率平均6Mbps，最大24Mbps，走起！要啥4:3？（720x576？？？1.9Mbps？？？）
2）电脑屏幕就不要拿着摄像机拍了，直接录屏吧；
3）评论截图注意一下网页的背景和视频的背景，背景颜色不一样看的很不舒服，可以把评论也做成MG动画；
4）截图直接这样放大会有马赛克的现象，如果需要放大还请截图之前按住键盘Ctrl+鼠标滚轮把网页放大后截图，然后编辑视频的时候就不要对图片做缩放处理；
4）另外，电视上的版本可能是隔行扫描的，网络版本还请转为逐行扫描。
以上是给节目组的小建议，希望黄金眼越来越好[小电视_赞]"
Zaki_730,6,男,1547898978,4,84,这个节目一开得开到B站倒闭吧？每天都有逗比的新闻根本不缺节目内容  年末估计还有年度总结版
Angelan,6,女,1548724219,1,7,之前1818黄金眼停播了还挺伤心的 没想到今天在B站上看到了这个栏目 嗨森！
冬亦念沙,5,女,1547994109,0,70,很多年前我们这里一学校旁边有工厂违法排放什么有毒气体，学生都是戴口罩上学，地方也不管。后来打电话给1818通过媒体曝光，zf才重视这个把工厂拆了，学校周围环境才好起来
连云港明仙,5,男,1547993730,0,7,来说句实在话。现在的年轻人都是抖音和快手。
太阳子民,5,保密,1547955087,0,38,沙雕节目和沙雕网站在一起了！沙雕人民前来祝贺！(°∀°)ﾉ
活腻的小兔子,6,保密,1547951052,1,42,“男的跟男的有什么好聊的”
颠鸾倒凤的孙答应,6,男,1547902726,1,7,天德池需要拥有姓名！！！！！！
啊诶嘛呀,5,保密,1547998136,2,46,"霍金去世前，曾向中国发出严重警告！！！
原因是，当时中国贵州的射电望远镜“天眼”接收到一个来自外太空4光年外的可疑信号。
得知这一消息后，霍金郑重地警告中国：“不要回答！不要回答！不要回答！”
后经过中国政府对外星文明接触各种可能性的慎重考虑和分析，决定不能放过这次千载难逢的机会，并认为中国不回答其他国家也会回答，而且指出这次的交流也许可以引发全人类科技的大跃进。
中国决定回答。
之后中国科学家宣布了发现了太阳的分层结构，可以利用太阳当作一个电波放大器，将人类的信号扩大发送到宇宙中。
随即，霍金再一次警告：“不要回答！不要回答！不要回答！”
中国用太阳向接收4光年外信号的方向，回复了一封信息。内容包括地球行星概况、地球生命系统概括、世界历史基本信息、全部信息为17.5KB。
历史学家们命名这一天为“回复日”。
几天后，全球射电基地同时收到了数以万计的宇宙信号，全部来自四光年外的同一个方向。面对如此反常的信号，人类终于意识到了危险和恐惧。
联合国紧急召开会议，共同研究外星信息内容破译，并宣布全球进入战备状态。
在这段时间地球每日都在持续接收大量外星信号下，联合国外星信息解译小组成立了，集合了所有世界顶尖级科学家，并马上投入到对这几万条外星信息内容的破解翻译工作中。
联合国确定了一个国际性的合作方案，并正式启动了人类逃亡计划，各国拟定经济节省计划，控制人口计划，并开始投入全力研究宇航技术，建造太空舰队。
此时，地球每天收到的外星信号越来越多。人类知道，留给自己的时间不多了。
外星信息解译小组对外宣布：解译程序终于开发成功！
联合国大厦的会议室里，各国首脑紧张地盯着屏幕，程序显示这几万条外星信号都系同样一个信息，随着电脑的破解，一行字清晰地显示在屏幕里，人类终于第一次读到了来自宇宙中另一个世界的信：
那颗蓝色的星球麻烦关一下自由麦"
DallasOrchid,5,男,1547959769,1,9,躺着的确能赚钱，不过有性别要求，也很容易被抓
夜刀神十香Official,6,保密,1548075454,3,23,bilibili的人说话有这么正经吗？
不麻麻辣烫,6,保密,1554735230,0,23,"《bilibili@黄金眼》大型连续剧
第一期：av40964489《灵魂拷问》
第二期：av41675896《战术撤退》
第三期：av42378662《神奇的逻辑》
第四期：av42539263《年度测试卷》
第五期：av43617154《无中生“友”》
第六期：av44371917《要不得的“任性”》
第七期：av45022959《意外的“惊喜”》
第八期：av45683626《较真》
第九期：av46344731《“托尼老师”》
第十期：av47027662《“变魔术”》
第十一期：av47738672《真相只有一个》
第十二期：av48381283《“硬核”--汽车篇》"
青易舍,5,保密,1552748066,1,12,从来没想到，被我嫌弃被我爸妈热爱的1818黄金眼终有一天会在二次元网站那么火， 神奇。。。范大姐帮忙是不是也指日可待。。。
山东男德学院优秀学生,5,保密,1551580226,0,6,沙雕新闻谁都爱看
再也不吃乐事了,6,保密,1551529545,0,14,"幺八幺八黄金眼+哔哩哔哩
=幺哔幺哔黄金眼[小电视_赞]"
斯诺snow_-_,6,女,1549879143,1,13,网络刷单有点像传销，靠拉熟人赚钱，被同学骗进去被骗两百多，告诉我想回本就要再拉同学拿提成，我一想这不就是网络传销，就拒绝了。我一开始以为我那个同学也是不知情或者没意识到这样不好，结果才知道他已经做了两年了，一进学校就开始拉人，骗了好多人了，从此以后特别讨厌他。
小林一顿五个kb,6,女,1549686949,0,6,1818我的快落喷泉[2233娘_卖萌]
DeShuaiZhang,6,男,1548043561,0,9,你们知道为什么黄金眼的粉丝这么少吗，因为每天更新太多了不敢关注啊[2233娘_大笑]
柯基尤里,5,保密,1548041248,3,11,我觉得吧 理发行业可以称得上不次于黄赌毒  医疗   戒网瘾管教所后的又一大暴力行业   想想你去烫发  百十块钱能烫  上千块上万块也能做     发型店标价随时能根据你要求更改  我上次去永琪理发店  标价烫发780染发也是780还是最低的   见我要走  问我多少钱行  我说三百   跑一边呆了会说询问经理  然后回来跟我说能做   从这个就能看出原材料是能低到什么程度
风骚牛仔,6,保密,1547994103,0,6,在开始部分看到改革春风的瞬间，我下意识的提高了音量……[芮小凸小凹_可爱]
莉莉别舌凯菇嫌赃,6,男,1547993672,0,6,很早就开始看黄金眼的沙雕新闻，没想到还会做成这样，可喜可贺可喜可贺(=・ω・=)
一团饭,6,保密,1547993913,0,30,也是辛苦节目组在B站挖评论，那浮躁的气息睿智的发言充斥着整个B站评论区呢……
無極泯滅,6,保密,1547993555,0,6,[一人之下_机智]小时候觉得新闻无聊，长大后发现新闻才是最有趣的节目！
無極泯滅,6,保密,1547993555,0,6,[一人之下_机智]小时候觉得新闻无聊，长大后发现新闻才是最有趣的节目！
蜻蜓队长的仙女棒,5,男,1547993538,0,6,老爸老妈，说出来你们可能不信，我在b站看新闻(ﾟДﾟ≡ﾟдﾟ)!?
莫斯モス,5,保密,1547988238,1,6,我信你个鬼，你找个糟黄金眼坏的很！就知道拿那封面骗我们进来！
敷菓,5,男,1547986522,0,10,当初有好几个鬼畜素材出自黄金眼   还无意间刷了几句“真当黄金眼不上B站“    现在黄金眼真上B站了感觉有种莫名的既视感2333[2233娘_大笑]
拍腿的神爷,6,男,1547977998,0,6,毕竟B站是文化输出产物，能上这里的人除了简单的成为一个新梗外，要不就能一直红要不就能一直黑，效果堪比微博数倍，且不会平息，甚至还会被大数据推荐给其他用户观看(苦笑)
房产局n,6,保密,1547972424,0,12,有话好好说，别找黄金眼
甜辣耶耶,5,保密,1547965681,0,11,bilibili，1818，同为ABAB模式
月下东白,6,保密,1547959123,0,6,哈哈哈哈哈哈哈哈读评论简直公开处刑，幸亏没把名字念出来
1X4闲,6,男,1547922675,3,6,有没有在床上一起休息过?
我们几个人中出了一个叛徒,5,保密,1547911707,0,6,1818黄金眼，网红制造机
抑圧错乱的疾患妄想i,5,保密,1547907819,0,6,突然感觉.沙雕的不是我.而是这个世界.
INF迷小茫,5,保密,1547903689,2,15,刚才看电视的时候突然发现1818竟然跟B站一起玩了，杭州人民表示这个就是每天的下饭综艺啊，哈哈哈哈哈哈
普朗克长得很帅,6,保密,1547896236,0,6,我爱沙雕新闻[芮小凸小凹_哼]
你见到过啄木鸟吗,6,保密,1547982652,0,8,那个网友评论环节是真的尬[2233娘_无言]
浊影QI,5,男,1596537784,0,5,[热词系列_知识增加]
龍龙陇瀧,5,保密,1559128598,0,5,不喜欢看浙江卫视的综艺节目，什么跑男，什么演员的诞生，矫揉造作，都太假。就爱看你们的6频道，1818黄金眼，钱塘老娘舅，相亲才会赢，这三档节目才好看。
栐鹤,6,男,1550940476,0,5,白马会，天上人间不都是躺着赚钱吗？一天万把块，轻松又快乐(=・ω・=)
Angelan,6,女,1548724219,1,7,之前1818黄金眼停播了还挺伤心的 没想到今天在B站上看到了这个栏目 嗨森！
在下腐胖有何貴幹,5,保密,1548001065,0,5,多少官方来破站放飞自我[2233娘_大笑][2233娘_大笑][2233娘_大笑][2233娘_大笑]
赵媛媛の老公,5,保密,1547999131,1,10,躺着赚钱？女优有时候都得站着，跪着，蹲着
叔叔我真的生气了哦,6,保密,1547996670,1,5,为什么会变成这样呢……第一次，有了喜欢的节目；第一次下到了一生的APP。这两件愉快的事情交织在了一起。而这两份喜悦，又会给我带来许许多多的喜悦。我本应该获得了这种如梦一般文体两开花的幸福时光才对。可是，为什么，会变成现在这样呢。
油炸冬瓜皮,5,男,1547995439,1,8,听说配音小哥因为我的评论笑场了？(=・ω・=)
弦的心跳,6,保密,1547990500,0,5,"第一期：灵魂拷问
第二期：裹上面包糠
第三期：炸至金黄
第四期：隔壁家小孩馋哭了"
蛮吉xx,6,保密,1547987106,0,5,1818黄金眼，B站的鬼畜素材后花园…[蛆音娘_滑稽]
泼墨题绝笔,5,男,1547909177,0,5,我薛某人上电视了，1818打钱！
酸冰糖甜可可,6,保密,1547899300,0,5,"完了完了！1818这是深陷死宅窝里不可自拔了呀！热心沙雕网友们快行动起来把他教坏！
[蛆音娘_滑稽]"
吹牛上瘾,5,保密,1586601271,1,4,两个有灵魂的节目合体了，变成了哔哩黄金眼[喜极而泣]
余生结羽生,6,保密,1552739127,0,4,1818好皮啊
软虾奶奶,5,保密,1550364698,0,4,不得不说，黄金眼的采访记者是黄金眼的灵魂。哈哈哈哈哈，你们是去哪里找到那么牛的记者[小电视_笑]
えっっっっっっ,5,女,1549794044,1,4,今天跟爸妈看1818黄金眼居然发现有bilibili？！
灭绝师太KO,5,女,1549710438,0,4,特别喜欢1818黄金眼，自从小杨记者露了脸之后，就更喜欢的一发不可收拾了!（￣▽￣）（￣▽￣）（￣▽￣）
鲤枝繁叶茂,5,女,1549182530,0,4,本来感觉新闻挺枯燥的 ，后来看了1818黄金眼，我再也停不下来了，我的快乐源泉啊(｀・ω・´)
不爱吃糖_,5,女,1548586239,0,4,今天看1818黄金眼发现左下角放农夫山泉的旁边多了一个小电视(｀・ω・´)
mimiudaze,5,保密,1548574964,0,4,"我来哔哩哔哩不就是来看番剧的吗？看什么新闻。诶？这是什么?新闻?我打死都不看!
诶嘛真香(=・ω・=)"
库洛猫猫猫猫,6,保密,1548171020,0,4,1818播放bilibili   bilibili再播放1818[小电视_嘟嘴]
懒得p图派蒙,6,男,1548046612,0,4,选的评论都不够沙雕啊哈哈哈
ACGN爱好者,5,保密,1548031211,0,4,我只怕记者如此问容易挨揍，毕竟那些人也不是什么魔鬼
万碎爷-法斯,5,男,1548007233,0,4,黄金眼加油，干翻中二台(ง •_•)ง
泉此方同行,6,保密,1547998685,0,4,我不是浙江人却天天在关注浙江的新闻。。。。这档节目是真的神奇。。。
丿蟹灬黄丶堡,5,保密,1547995568,0,4,1818敢不敢放真正的神评论
雨宮萤,6,保密,1547992582,0,4,快乐源泉×快乐源泉＝沙雕源泉
槑油小钱钱,6,保密,1547991268,0,4,看来以后看新闻得多写点评论，万一上电视了呢_(:3」∠)_
爽籁清风1,5,保密,1547989033,0,4,黄金眼的记者问的问题很棒，真的是灵魂拷问，就问你心不心虚
猫小靓,6,女,1547988887,0,4,恭喜青年人最关注的新闻节目登场！(°∀°)ﾉ
老城堡哟,5,男,1547987229,0,4,小时候在电视上看的1818贼喜欢看，后来不看电视了，突然在b站上刷到1818，又是那个熟悉的声音满满的回忆
吃饼呱嘣脆,6,男,1547986891,0,4,首页看到还以为是个广告(ﾟДﾟ≡ﾟдﾟ)!?惊了，小可儿NB！
上剑豪的瑞萌萌,6,男,1547986718,1,4,说实话。。有点尬(非引战)～
大家好我是渣渣橙,6,男,1547965911,0,4,以后谁想红就上bilibili@黄金眼[小电视_赞]
友利奈绪太可爱,6,男,1547956073,0,4,记者的提问真是秀的我头皮发麻[芮小凸小凹_超棒]
沃法,6,男,1547952436,0,4,可你为什么用沙雕表情包当头像[小电视_思索]
Dynamight,5,女,1547945154,2,4,1818不敢放真正的神评论。
账号已注销,0,保密,1547934431,0,4,"我是来自广东佛山的 真好啦 浙江有1818   可惜我不是浙江人 要有爆料找1818 不知道会不会来这边 噗  本来我是很少看新闻的 也不关注GJ大事 自从B站看了1818 每天打开B站第一件事就是。。。1818黄金眼  连续剧式的跟踪报道 直击心理防线的灵魂拷问  
恶人先告状的沙雕自爆  时不时就有人丢东西的天德池  经常出纠纷的理发店  买了病历  马杀拉底和送豪宅的敏宝宝 等等等等  让我对新闻有了不一样的认知和理解  1818黄金眼  民生事件好帮手  支持1818 😁
PS: 能让小杨记者多点出镜吗？"
vinaOwO_Official,6,女,1547926618,0,4,哈哈哈哈哈哈哈哈不是我们开始爱看新闻了  是因为1818黄金眼的新闻都太好看了哈哈哈哈哈哈
怂然Peanut,6,保密,1547914678,4,4,住在杭州，小时候经常看《1818黄金眼》。杭州知名“民事纠纷调解节目”居然和B站合作了？！[小电视_吃惊]
小哥胡林,5,保密,1547914266,0,4,活了30年第一次见配音笑场的，1818果然是出类拔萃(;¬_¬)
JJJoKer呀,5,保密,1547911655,0,4,我特喵我爸每天晚上必须得看1818黄金眼，看到这个估计明白为什么我这么沙雕了
那什么duang的一地碎了,5,男,1547909349,0,4,我正想去搜1818黄金眼的天德池里丢东西的原版采访视频，结果你给我推送这个！(｀・ω・´)
杭州新农民,5,男,1547904773,1,4,哈哈，现在电视上播1818主持人左下角多了个哔哩哔哩的电视图标
长离Changli,5,女,1547898367,0,4,浙江人民表示今天看1818的时候懵逼了(ﾟДﾟ≡ﾟдﾟ)!?(ﾟДﾟ≡ﾟдﾟ)!?(ﾟДﾟ≡ﾟдﾟ)!?
卢西奥显卡速修,6,保密,1547896329,0,4,"灵魂拷问（4/1）

超额完成"
我的五杀你搶不了,4,男,1547989170,1,6,"我也没啥要说的了，干脆:
↓如下是你的压岁钱能收多少（恶魔低语）"
メメメメメメメメメメ,6,男,1618483175,0,3,我一个月工资9000，留下200吃用，剩下的全部刷给主播，你知道他们叫我什么吗？他们叫我老铁，说我没毛病，还夸我666，手中的白馒头和白开水瞬间吃出了提拉米苏和星巴克的味道，哈哈哈好期待下个月快点到来。哈哈哈
寒隐青筝,6,保密,1596539422,0,3,[热词系列_知识增加]
阿越也是阿杲QWQ,5,女,1595937548,0,3,1818真的快乐源泉哈哈哈哈哈哈哈哈哈哈哈哈哈哈哈。我们有事就想到1818。上次学校提前开学，除了教育局，大家还集体去给1818打电话。
黑瘦的水牛,5,保密,1572668562,1,3,因为曝光豫章书院，我朋友被逼到自杀av73372900当事人告诉你豫章书院完整始末av73836578吴军豹到受害者家里挑衅2019六月份av69666407微博网友小剑暗访豫章书院2017年av15927422两年前的豫章书院恐怖恶行还记得么av73431494夜探豫章书院2019年av73889593如果书院没出事家长还会把孩子送进去2017年av73682949无法告别的临沂网戒中心av8477483杨永信电人实录av42492211细数杨永信的三十一条罪行av7410837
澤元亞,5,保密,1557143768,0,3,好久好久以前我就评论说，说不好浙江消费者法会因为1818特别先进，然后普及全国……
星羽丿XingYu,4,保密,1555828289,0,3,和b站合作之后粉丝涨了二十万
颅骨之下,6,男,1553248558,0,3,躺着赚钱的只有av演员和碰瓷的
热心市民小逸,6,男,1551534452,0,3,发现了宝藏哈哈哈哈啊哈[2233娘_大笑][2233娘_大笑]
KRAM今天发货了吗,6,女,1550937841,1,3,真的是我们更喜欢看新闻吗，而不是发现快乐源泉吗
漩涡A梦,5,男,1550146907,0,3,最大的同性交友网站
zm安暖,5,保密,1550032798,0,3,当1818的记者老幸福了吧
一叶萩碱,6,保密,1549594455,0,3,快乐的源泉(｀・ω・´)
小兲大大,6,男,1548677279,5,3,为什么哔哩哔哩的番号是a v开头的....
一米优城,6,保密,1548609617,0,3,说实话这种的新闻还挺喜欢看的，不是说现在的新闻形式不好，但是我觉得我更适合这种逗比的风格哈哈哈[小电视_笑]
开天辟地蔡尔夫,5,保密,1548581005,0,3,“更多的人爱关注民生，爱看新闻了……”原住民已经不是十年前的小屁孩了......
海茶子染,6,保密,1548580709,0,3,沙雕评比现场，新的快乐源泉
咪布人,6,保密,1548149255,0,3,b站和黄金眼组合就叫做b黄吧
碎濉念,4,男,1548116515,0,3,没想到还有在B站看黄金眼的一天，那手艺人耿哥是不是也不远了😂
大up主,6,男,1548087572,0,3,早知道，就认真点评论了，还能从另一个角度上个1818呢
改不了不改行么,5,男,1547998391,0,3,不是那个笑场的太不专业了，噗哈哈哈哈哈哈
你的刘小备,5,男,1547998653,1,3,我不敢乱评论，怕等会儿有人用青龙偃月刀教我梳中分，用方天画戟给我削苹果，用传国玉玺给我砸核桃吃，爬高压线给我弹奏东风破，用定海神针给我织毛衣，然后叫我秀儿
璃音_Rion,6,女,1547995629,0,3,这个头像，内容居然这么正经[洛天依_看透一切]
百里嵩涌,6,男,1547993942,0,3,希望以后多报道点沙雕新闻。
故人已去夕陽辭,5,男,1547993135,0,3,你要不来B站我还真不知道十三亿人中间有那么多人才哈哈哈哈哈
小满满bilbil,6,保密,1547992179,0,3,我不是爱看新闻因为1818太多沙雕趣闻趣事可
ta晓得个锤子,6,男,1547991820,0,3,小时候最爱的节目和年轻时最爱的网站走到了一起。[小电视_赞]
_螺蛳粉-,6,保密,1547989609,0,3,说来奇怪，我以前抱着看番的心态来b站。结果现在几乎不看番了，天天都在用b站看新闻（￣▽￣）
上善若㵘,6,男,1547989062,0,3,欢迎各大卫视入住B站
上火凉茶ask,5,保密,1547989239,0,3,那么问题来了，《改革春风吹满地》有没有上今年春晚呢？毕竟《生僻字》都嚷嚷着要上春晚了【滑稽】
吉祥鸟漫画,6,男,1547988566,0,3,1 9 1 9 黄 金 眼（银小鬼并感）
Alrgin,5,男,1547987948,8,3,1818是哪个卫视的啊
CAFE的味道,6,男,1547981383,2,3,B站也是混起来了各大媒体争相注册小号，发现官方账号都没有我等级高我就乐的不行[2233娘_大笑]
唐僧一辈子,5,保密,1547968066,1,3,"我 苍老师 躺着赚钱,有什么错?"
啊雷电战机,5,男,1547967775,0,3,支持b站最强直击灵魂民生栏目！
ccttctt,6,保密,1547964714,0,3,我在bilibili看1818讲bilibili
广东康娜,5,女,1547959416,0,3,有空跟今日关注也合作一把呗
痴汉山楂楂,6,保密,1547959026,0,3,哈哈哈哈哈哈哈哈哈哈哈沙雕网友被公开处刑
581号人类后腿,6,保密,1547959460,0,3,读评论环节太羞耻了！！！！但是我想上！
m喵啦个咪m,5,女,1547958209,0,3,壮哉我大杭州[芮小凸小凹_666][芮小凸小凹_666][芮小凸小凹_666]
桐子解千年,5,保密,1547951178,0,3,B站新闻类只关注1818黄金眼
爱吃钉宫的香菜癌,6,保密,1547950307,0,3,www快乐眼有官方了
武松焦饼,5,保密,1547946412,0,3,黄金眼记者必备技能，心灵重锤
杙辺,6,男,1547943768,0,3,你们明明是一个正经的节目，但为什么我看着这么不正经呢。[洛天依_滑稽]
你要是被绑架了眨眨眼,5,女,1547938789,8,3,考虑让小杨露个正脸，自我介绍下什么的，保准更涨粉
浙江六频道1818黄金眼,5,男,1547920217,0,3,[小电视_害羞]跟臭味相投的兄弟聊天真的有意思，一聊就停不下来，一起看电影的次数比跟女朋友还多。
胖虎桃桃桃,5,保密,1547916400,0,3,啊哈哈哈哈哈哈哈哈哈哈哈哈哈哈哈哈哈哈哈哈哈哈
快递员,6,保密,1547908894,0,3,还一本正经的做成电视的4：3画幅 [小电视_害羞]
揚百万,6,保密,1547907890,0,3,哈哈哈哈，应该只有我一个人18年年度报表最喜欢的up是黄金眼了吧，每天的快乐源泉
无聊的Z菌,6,男,1547906740,0,3,卧槽，我上电视了
NotBypass,6,保密,1547905590,0,3,浙江民生频道1818黄金眼这边出现了小电视(和矿泉水在一起)和Bilibili
Schneider-Wu,6,男,1547903017,0,3,全中国最皮的民生节目，我湖南的，连我们湖南的都市一时间都不看，尽看你们浙江的黄金眼了。
苦艾酒の温床,5,保密,1547901126,0,3,可以给我们的摄像小哥一期专题节目嘛，讨论一下为什么特写镜头那么优秀？还有主持人，又是你，不是你
空耳小天王,6,保密,1547900132,0,3,。。。这是要笑死我的节奏吗？ 官方合作 哈哈哈哈哈
千叶丶畵,6,保密,1547897312,2,3,https://www.zhihu.com/question/303573959/answer/540332716
鱼桌桌,5,女,1547896168,0,3,哈哈哈哈一本正经的播音腔真的好好笑啊
桑秋_,6,男,1547989693,0,4,看见改革春风吹满地上电视了的标题才点进来的？？？？
木棉枝头,5,保密,1634181074,0,2,哈哈哈，这是民生问题吗，这是笑话合集吧，笑死我了[喜极而泣]
容止盈,4,保密,1629961263,0,2,以前觉得挺好的，现在吵得不像话评论无智商现在都是关弹幕的
小园游会,5,女,1626883952,0,2,好玩
1234567上山打狗熊,5,保密,1611962608,0,2,挺好，也挺可悲的，维权靠媒体，那几个黑店常客有多大能量。
江梓樱,5,保密,1606752640,0,2,诶嘿嘿嘿去年看的，继续
无聊星座,5,男,1596592705,0,2,我应该是考古的第一个吧[微笑][微笑][微笑][微笑]
青铜付海,5,保密,1596555567,0,2,https://www.bilibili.com/bangumi/play/ss21953 https://www.bilibili.com/bangumi/play/ss32801?theme=movie
艾连-噎嗝儿,5,男,1596545586,0,2,这……[热词系列_知识增加][热词系列_知识增加][热词系列_知识增加]
无所谓-我腾不出手,5,保密,1596531059,0,2,1118黄金眼
永不停的彗星,6,保密,1567649879,0,2,然而现在黄金眼已经凉了
笑脸涉嫌违规,5,保密,1560772260,0,2,好喜欢这种方式的新闻啊
玩儿384,6,保密,1558529537,0,2,沙雕新闻加上沙雕网友，绝了！
丨天高云阔风语如歌丨,6,保密,1556774288,1,2,所以说 要怎么才能加入这个沙雕1818黄金眼
遗忘宠爱,5,女,1556131243,1,2,@星辰钟塔的不死人 恭喜这位b站用户上电视了
我真是个欧皇,5,女,1556108210,0,2,作为一个美发人（只是从事，不是老板），顾客回店里说不满意，如果是烫发，首先是要给洗头发的，因为一些比较自然的发型有可能是自己造型打理的问题。如果洗完造型效果依然不满意，会有退款和重新做两个选择，七天内不满意是会给重做的。至于颜色，如果明显色差，那不用多说，直接还是上边两个选项，颜色还用说什么，长了眼睛都能看出色差。如果和色板上顾客选择的颜色一致，是会收一些成本费，因为，你选了这个颜色，我们做的和色板没有差别，那重做老板会收取成本费（还会扣我们工资，只要顾客不满意都会扣工资。金额不大，因为金额一旦超过心里负担，就会有嘴硬的发型师不承认自己失误）一些小作坊夫妻店就会有不良心的，不承认是自己操作失误，不愿意承担责任，这是个人心态有问题。作为一个美的行业，是要给人以愉快的美的心情。让顾客做完了头发，感觉自己焕然一新，还想出去买新衣服买新鞋开开心心才是最成功的
做一棵有思想的苇草,6,男,1555828887,0,2,躺着挣钱可还行 现在卖身都不能躺着挣钱了 得有妓。。。哦不技术[2233娘_喝水]
好事做尽捏,6,保密,1554099367,0,2,黄金眼都有番号了[阴险]
白前軰,6,男,1553769271,0,2,今天恰饭看电视上出现bilibili1818黄金眼的广告[喂，看见耳朵啦！_吓]
时间的虫子,6,保密,1552784420,0,2,1818已成功b站文化附体
筱之凌上,6,保密,1551537307,0,2,哈哈哈哈哈哈
嘉晩饭,6,男,1551530793,0,2,貌似以前1818挺多黑历史的[小电视_发愁]
玥芸_Yueyn,6,保密,1551021908,0,2,hhhhhhh我在首页上看到以后 从头补完了[小电视_我好兴奋][小电视_我好兴奋]
言魔恋,6,男,1550937346,0,2,纹身那个，可能是有高手的，可是就是安排了个低手来在他身上练习（￣▽￣）
ZZYYR贴贴,5,女,1550927706,1,2,你让我爱上了新闻(｀・ω・´)
莲子姐姐qvq,6,男,1550926029,0,2,温州人惊了[2233娘_吃惊]
次元yh,5,男,1550332435,0,2,哈哈哈哈厉害
消叼,5,保密,1550321656,0,2,老喜欢这样的新闻
曾经还是个半仙咩,6,保密,1549798140,0,2,哈哈哈哈哈哈今天看电视突然发现主持人画面左下角那里有个小电视，瞬间想笑哈哈哈
小电子牌儿,5,保密,1549709231,0,2,我比较喜欢的是黄金眼
若即若离IM,6,男,1548591202,0,2,1818黄金眼=快乐源泉[2233娘_耶]
湿湿碎,6,男,1548588239,0,2,灵魂拷问:你贵姓啊?
浓缩型福灵剂,6,保密,1548581826,0,2,"我本来哈哈哈哈哈哈哈哈哈看到烫头发那里突然……
全天下一半tony都是靠毁毛挣钱的呢（ '▿ ' ）
（****"
吴家日天,5,保密,1548576515,0,2,100万流动资金土豪(=・ω・=)
账号已注销,0,保密,1548572156,0,2,居然没有 眉有办法
Rhenz,6,保密,1548568742,1,2,这个是b站自营的综艺节目吗
烟熏咸鱼卷,5,女,1548566899,0,2,这个配音让我有种 ，午后在爷爷奶奶旁边看小地方台的感觉。
blibli老江,5,男,1548163654,0,2,赚着躺钱←_←吧
深海故乡丶,6,女,1548150659,0,2,这些记者会不会当场被揍啊哈哈哈哈哈哈哈
NaomiLi,5,女,1548147147,0,2,在b站介绍b站哈哈哈
季酒酒酒酒_,4,女,1548097676,0,2,哈哈哈哈哈哈哈问得好 笑死我了
纯白DA☆ZE,6,保密,1548091403,0,2,说真的这个bilibili的轻声听的我浑身难受，好好的读第一声不好么……哔哩哔哩呀！哩就哩嘛为什么要读轻声啊啊啊啊啊啊啊啊啊啊
顾lulu,6,女,1548076169,0,2,没想到会有一天在b站看新闻[小电视_思索]
漾漾的老公,6,保密,1548069005,0,2,躺着挣钱。。。我想歪了
gepo,6,男,1548049420,0,2,哔哩哔哩真争气～so niu bi   we  are  so niu bi~
沨の沭江,5,男,1548032661,0,2,那么钢铁产能具体提升了多少了
晚风中の自由,6,保密,1548000831,0,2,哈哈哈哈稳那个经理一个月才赚1w为什么不去当员工的灵魂提问真是笑死我了
DFDF_-,6,保密,1547999020,0,2,说真的我是万万没想到bilibli跟黄金眼合作了，现在我爸妈都快跨入bilibli的门槛了233333
遣居Dark,5,女,1547997580,0,2,外面的标题和里面的标题居然是不一样的！！
梦与实的临界线,5,保密,1547995984,0,2,以前看1818都觉得没什么，现在居然这么骚了╮(￣▽￣)╭
赤豆升斗,6,女,1547995724,0,2,原来bili的li是轻声，我一直读的一声。
牧赖丨红莉栖,6,保密,1547994234,0,2,哈哈，这个节目好搞笑鸭
主动又怎样,5,保密,1547993864,2,2,躺着赚钱的只有苍老师
乐七北,6,女,1547993640,0,2,(〜￣△￣)〜
大魏司徒王朗,6,男,1547991964,3,2,投币点赞，这个节目我觉得很不错，火前留名[2233娘_大笑]
小满满bilbil,6,保密,1547991838,0,2,1818更贴近B站了
半柠半橘鲜果茶,6,男,1547992219,0,2,比利比利？(￣ε(#￣) Σ
吾森木,6,保密,1547991139,0,2,传统媒体与互联网的正确结合方式
peerlessL,6,男,1547988857,0,2,这个世界真是充满了乐趣
岚色守护者,6,男,1547987971,2,2,还别说，b站记者真犀利啊。
妖怪闲者提不起劲,6,男,1547988151,0,2,肥宅快乐眼
岚色守护者,6,男,1547987481,0,2,这算开荒了吧？
皇族丿孑孓,5,保密,1547987344,0,2,都看好了，我也是见证者（之一）。(⌒▽⌒)
小恐龙跑得快,6,男,1547986874,0,2,新晋网红栏目预定[小电视_赞]
LOVEか漫,6,保密,1547987072,1,2,我* 我进来才18万关注 现在就20万+
神龙,6,男,1547986068,0,2,这节目不错
山有叶,6,保密,1547982477,0,2,听到配音小哥笑场时我居然莫名其妙的跟着笑了(ಡωಡ)
AngelwithRosies,5,保密,1547978986,0,2,网易云你被绿了！！
吃一碗豆花饭,6,男,1547978993,0,2,哈哈哈 把B站沙雕网友公开处刑可还行
神原遙,6,保密,1547976801,0,2,前段时间的确在bilibili看了很多新闻，感觉挺有意思的。[小电视_赞]
栗山未来の彼氏,6,男,1547976165,0,2,强烈建议用google娘放评论
沉迷干饭,6,女,1547969292,0,2,小时候就爱看1818和老娘舅，没想到来B站以后操作让人舒爽这么多，真的越来越喜欢了，就是每次电视上看到主持人会忍不住想笑
test丶丶,6,男,1547969294,0,2,正经当中透着俏皮[小电视_害羞]
何斜,5,男,1547967230,0,2,这是什么沙雕节目，关注了[小电视_赞]
螺丝SAMA丶,6,男,1547967194,2,2,哈哈哈，这栏目还真挺有趣的
小泻药,6,男,1547964633,0,2,强烈要求日更啊
Miku的小迷妹w,5,女,1547963961,0,2,我就说昨天路过我妈的电视机怎么在右下角看到bilibili标志了呢2333
飞翔の荷兰丿,4,保密,1547958669,0,2,素质四连给了
汽水大胖,6,女,1547957336,0,2,不愧是杭州媒体，一直走在先进最前列23333
小奶豆dor,6,女,1547956455,0,2,我觉得你们电视台的记者贼优秀
望天真麻烦,6,男,1547949444,0,2,评论不够沙雕[洛天依_掀桌]
绫木梓幡,5,男,1547949280,0,2,忘不了五雷拍X掌(=・ω・=)
柠萌酸萌丶,6,保密,1547947651,0,2,哈哈哈哈bilibili终于和黄金眼达成py交易了。每日的快乐源泉又有了哈哈哈
牛牛ol,6,保密,1547947272,0,2,天德池理丢东西
茶味柚子,6,女,1547947204,0,2,都是经典的灵魂拷问啊(⋌▀¯▀)=☞盘
你头发乱了哦86,6,女,1547945510,0,2,(　ﾟ∀ﾟ) ﾉ♡
小3队长,6,保密,1547946092,0,2,笑死我了
百里朝歌,6,保密,1547929734,0,2,(=・ω・=)
二猴子的耳朵,6,保密,1547922191,1,2,我觉得评论部分有点尬
白月魁快来保护我呀,5,保密,1547921720,1,2,我发誓我不是爱看黄金眼里的骚话，我就是爱看新闻关注民生
Ikolorht,3,男,1547921043,0,2,这节目明明很正经，但总感觉是在搞笑23333
非正后援大冰,5,保密,1547920209,0,2,谁的评论被配音了，上电视，该多羞羞~(@^_^@)~
天意高難問,6,男,1547917708,0,2,作为一个杭州人，我竟有点无奈[小电视_发愁]
今天的肚子也很饿呢,5,保密,1547917273,0,2,那个没必要找黄金眼是最骚的[2233娘_大笑]
兴趣使然的ElyLegend,5,男,1547916640,0,2,这事儿你可以单独给我说，你没必要投稿。
奥拉安爸V,6,保密,1547915119,2,2,看来今年浙江台招了很多年前人啊(⌒▽⌒)(⌒▽⌒)(⌒▽⌒)
东瓯内史,6,保密,1547914990,0,2,我也要砸锅卖铁给黄金眼刷礼物[小电视_害羞]
Karach1,6,保密,1547914837,0,2,那个蓝人没来主持吗？
bytexx,5,保密,1547914687,1,2,哈哈哈哈哈配音笑场那段我在床上笑成蛆
智乃は最高だ,6,男,1547914295,0,2,见证最强综艺诞生(｀・ω・´)
塔羅占卜師,5,保密,1547909873,0,2,这届网友不行啊，评论数，弹幕数都不行呀，小伙子们还需要努力呀。弹幕刷起来。评论走起来，硬币使劲砸。来来来来，该收藏的收藏，该转发的转发。（我这种来b站没多久的新人都已经会留言了，投币了，）
不规则动词IrV,6,男,1547909618,0,2,你好骚啊
不吐槽就会死三3三,6,男,1547908984,0,2,看了这么多年黄金眼，C位出道了？(=・ω・=)
甜神Kami,6,女,1547908785,0,2,我的天哪我今天和爷爷奶奶看1818黄金眼的时候我看到旁边放着一小电视，我还以为是主持人放的装饰呢，没想到合作了！！！！我那时还自己疑问了一下“小电视？我看错了？”我的妈呀小破站牛逼！（破音）
起飞刘,6,保密,1547907776,0,2,不自觉的关注了，语气语调都是原版黄金眼，黄金眼下海了！
FLYOX,6,男,1547906620,0,2,我有种感觉被“灵魂拷问”的是挂节目的沙雕网友[芮小凸小凹_怀疑]
颠鸾倒凤的孙答应,6,男,1547904680,0,2,天德池池花必须拥有姓名！！！[洛天依_滑稽]
春珠珠鸭,6,保密,1547906255,0,2,求把天德池，尤老师的素材加进去！！！
酒酿佳人,5,女,1547903141,0,2,哈哈哈笑死了b站和黄金眼相亲相爱
吟煜-,6,男,1547902744,0,2,好几天没看黄金眼了，今天一刷就出了这个，太好运了哈哈哈(=・ω・=)
ST大大,6,保密,1547901671,0,2,1818黄金眼可以说是我的童年回忆了
血之哀ywxz,6,男,1547900557,1,2,哈哈，沙雕网友欢乐多[小电视_笑]
美味的机械甜点,6,男,1547900469,0,2,完蛋了，1818越来越不正经了[小电视_笑]
花开百合香,6,保密,1547900175,0,2,到时候这综艺节目火了叫我，我要让所有人瞧瞧，我可是见证他的开始的[2233娘_大笑]
敢达倒霉帝,6,男,1547900470,0,2,浙江人：？？？
鹿菌酱,6,保密,1547900374,0,2,这个节目将会是我新的下饭综艺[2233娘_卖萌]
脑袋扣扣的汪,6,男,1547900119,0,2,见证历史！留名留名！
我吃螺蛳粉你会打我吗,5,保密,1547899210,0,2,很棒棒hhhhh从小看到大的新闻节目，这下名正言顺b站看新闻了
冰镇灬咖啡,6,保密,1547899103,0,2,从此爱上看新闻，太赞了，必须支持
某不知名腌渍类水产品,6,保密,1547898953,3,2,有一种职业可以躺着赚钱  大家猜猜是什么职业？[蛆音娘_滑稽]
终南山北-,6,男,1547897531,0,2,大型沙雕id公开处刑现场
灰常可可,5,保密,1547898066,0,2,我是看沙雕新闻合集入坑的，沉迷，无法自拔[小电视_赞]
给我一份喵酱,6,女,1547897061,2,2,"哇啊啊啊！
我要好好写评论了！BILIBILI@黄金眼看我呀~"
Eddy小刺猬,5,男,1547896795,1,2,b站是年轻人交流的文化社区？你们不是一直说b站是中国最大同性交友网站么 基友百合满天飞
今野千里,6,保密,1547896795,0,2,卧槽看我发现了什么，新的镇站之宝吗hhhhh
肉馅的馄饨,6,男,1547896021,0,2,[小电视_发愁]居然只有五分钟。。
弗兰克_陈,6,保密,1547895836,0,2,现在电视就在放😂😂
迟到千年的小菜鸡,3,保密,1636945137,3,4,看评论区以为自己穿越了……[doge][doge]
习惯屏蔽弹幕,6,男,1557168640,0,3,我发现上1818的手机屏幕大多都是碎的，薛定谔的屏幕[抠鼻]
莫如常,5,保密,1548568626,0,3,我想起来以前河南台的打鱼晒网，以前也是这种娱乐中带着严肃的感觉，之前初高中的时候还天天守着时间看，哪怕没看直播第二天也要看重播，可惜现在已经好久没看了，再看也没有当时的感觉了
日日加丿,5,保密,1641702910,0,1,三年了[2022][脱单doge]
时间一晃开了六年猫舍,6,女,1633421632,1,1,为什么不更新了黄金眼
我认为中奖与我无缘,5,保密,1628819430,0,1,@1818黄金眼
诚实话题,3,男,1627706741,0,1,好家伙 新闻都开始做娱乐化了
苏氏离康,5,女,1627167821,0,1,[脱单doge]
_宛瑜,5,保密,1626925811,0,1,哦我的上帝啊看看我发现了什么好东西！
别点开贫道主页,5,男,1624482091,1,1,有些事情真的很邪门，你不得不信，因为我相信刷到这个视频的你左脚正放在右脚上。[doge]
广东爱鸡人士,5,保密,1624271460,0,1,给我转🖐🏻百你就可以上了[吃瓜][吃瓜]
小鹿可可豆,5,保密,1619927833,1,1,我一个96年的宁波女生，真的是看黄金1818长大地[给心心]
不可再生の爬虫,6,男,1618526243,0,1,贷款100w给主播刷礼物？[辣眼睛]
穆木苏二,6,保密,1618510560,1,1,S
木逸刀,4,保密,1618500946,0,1,你花的钱。又一次验证了人性丑陋。这就是他们最后给你的礼物。又称回水。
非法入浸者,5,保密,1618486975,0,1,给女主播刷礼物还可以理解，给男的刷礼物是啥[辣眼睛]
Stefenia,6,保密,1618481699,0,1,宁波大了，什么人都有
起名废起名太折腾人了,5,男,1618481185,0,1,[疑惑]这是挖坟？怎么2年前的视频都被推到首页了
波音林业部SZst,5,男,1614874176,0,1,@黄金眼
沐浴阳光的行者,6,保密,1613141209,0,1,我在B站看新闻！(⌒▽⌒)
财产先分我一半,5,女,1612622571,0,1,点进来之前，没想到会这么好笑哈哈哈哈哈哈
m大叔与x舅舅,6,男,1610459095,0,1,1818灵魂拷问
是这只淑君不是那只,6,女,1606714009,0,1,草生，卢记者永远滴神[喜极而泣]
可以不可以不可,4,保密,1605349743,0,1,bibi网友[OK]
亚历四大,6,保密,1604397117,0,1,哈哈哈，这怎么变成番剧了？
penicstar,6,女,1603226006,0,1,我才发现，1818整成综艺了[热词系列_知识增加]
死刑立即执行剥夺,5,男,1596573450,0,1,有幾個人知道G胖全名加布紐維爾
Current丨夢,4,男,1596549985,0,1,不是，我游戏名字就叫黄金眼，什么@黄金眼，我还以为谁找我，没啥事我先走了awa[doge][doge]
hayuki,5,男,1596546717,0,1,[热词系列_知识增加]
_uki_,5,保密,1596543621,0,1,[热词系列_知识增加]
星玥Milk,5,女,1596542650,0,1,追剧了
死耗子可汗,5,保密,1596541709,0,1,从黄金矿工来的
wqnmdnmzxyyr,5,男,1596541456,0,1,[热词系列_知识增加]
魔法少女朱元璋,5,男,1596541189,0,1,[热词系列_知识增加][热词系列_知识增加][热词系列_知识增加]
Inheritance黒崎安,4,男,1596536655,0,1,关弹幕保智商[偷笑]
不动心魔,6,保密,1588730452,0,1,真的是1818黄金眼啊！！！！
威0803,5,男,1588678250,0,1,小电视[tv_点赞]
高冷网友薛哈哈,3,保密,1586347167,0,1,哈哈哈小时候放学 晚上就是和阿公阿婆看1818黄金眼 小强热线 还有地方方言新闻之类的民生节目哈哈哈 是童年的感觉！
SimpleXiaoGui,4,保密,1582654318,0,1,"▬▬▬▬.◙.▬▬▬▬
    ▂▄▄▓▄▄▂
◢◤ █▀▀████▄▄▄▄◢◤
█  白嫖使我快乐  █▀……╬
    ◥██████◤ 
  ══╩══╩═══
白嫖党专属逃离机[滑稽]
点赞上机，0硬币专用"
个中高手ll,5,男,1574138940,1,1,1818黄金眼：有没有两个人一起在一张床上休息过
红了樱桃0绿了芭蕉,5,保密,1572351598,0,1,留名
耀夜不是药,5,保密,1572346458,0,1,出连续剧了 牛皮
不一样的轻松熊,5,女,1569582751,0,1,竟然完结了？？我还以为会一直有
错把刹车当油门,5,保密,1569228012,0,1,我服了  服了阿
好大一只砀山梨,5,保密,1568282051,0,1,这个快笑死我了哈哈哈哈哈
会飞的router,3,保密,1563196369,0,1,我真的觉得这节目，超级好看······
局路今天秀恩爱了嘛,5,男,1559924862,0,1,年度沙雕新闻素材集。
临夏春雨,5,男,1558961671,0,1,有一种美，叫鸡你太美
奥托二世,5,保密,1558057569,0,1,用妹子声线给死肥宅配音可还行 性转警告
螃蟹我只吃蟹不肉,5,保密,1558019831,0,1,p3王董后续如何
忆情惜君,5,男,1557160350,0,1,这是个番我滴天内 点关注发现是追番(｀・ω・´)
核夢,6,男,1556856279,0,1,今天王董被扒了吗？
遗忘宠爱,5,女,1556131137,1,1,@何梓Hezi 恭喜这位b站用户上电视了
遗忘宠爱,5,女,1556130956,0,1,@我是你最可靠的人儿啊  恭喜这位B站用户上电视了[滑稽][滑稽][滑稽]（1分57秒）
遗忘宠爱,5,女,1556131182,0,1,@二次元老肥宅 恭喜这位b站上电视了
ddnel,5,男,1554733815,0,1,哈哈哈笑死了
侦探员白鸽,6,男,1552750743,0,1,1818之类新闻我最熟悉的搬运阿婆主就是歌早乙女阿婆主[小电视_赞]她让我跟追番一样追新闻[小电视_害羞]
漫画瀑布,5,保密,1552746739,0,1,我去年哔哩哔哩年终报告告诉我，我看1818最多。哈哈哈哈哈
OLD老虚,6,男,1552397370,0,1,庞氏骗局
绿风MC,5,保密,1552306353,0,1,来了～[小电视_笑]
真真哥不姓安,6,男,1551621063,0,1,那个淘宝啥的真的能赚这么多？
野区犯错,6,保密,1550995963,0,1,绿茶公主切
走失的P社玩家,5,保密,1550977033,1,1,有在床上一起休息过吗？
你的队长阿威丶,5,男,1550940088,0,1,灵魂拷问😂
夜刀神岩帝,5,保密,1550580663,0,1,b站本季度最强番剧.(⌒▽⌒)
避矢的加护,6,保密,1550433123,0,1,哈哈哈哈哈哈哈哈哈哈哈哈哈哈哈哈哈哈哈哈
bili_66035463,6,保密,1550388963,0,1,我真的是土豪我还有个肾没卖
东洱橘Vino,5,保密,1550385051,1,1,视频中刷苍老师的我很生气了人家躺着赚钱给你花啊，算了算了，来来我们聊聊波多老师吧
Fantsy丶旋律,6,保密,1550376639,0,1,躺着赚钱没错啊，拉你们进去交钱，老板躺着赚钱
旭冉刘所长,6,保密,1550330410,0,1,不是你 不地道
三斤一,6,保密,1549718014,0,1,大千世界无奇不有
devvilloooo,6,女,1549362038,0,1,我佛了，刚刚在六频道看到这个广告rap才知道这俩联了...
耗巨资改的昵称,5,女,1549105278,0,1,哈哈哈哈哈哈我就说前几天看1818看到了小电视
北风七级,6,保密,1549021921,0,1,来了
霍格尼特·汀·乔德夫,6,男,1548905610,0,1,这个栏目很棒啊！真希望之后也有更多的新闻栏目能懂我们这些年轻人的心(･∀･)
1t4chii,5,保密,1548660304,0,1,标题的提示音让我我老是以为我手机响了..[小电视_笑]
南妖叔,6,男,1548641940,0,1,虽然我是1744，但我也是见证历史的时刻
冰光凝雪,5,男,1548586593,0,1,大型同性交友网站
洛圣都路过的市民,5,保密,1548584024,1,1,这个纹身根据我的经验看，应该是学了2个月学徒纹出来的
花京院西卡,6,男,1548577143,0,1,快乐源泉正规化
孟照国,6,女,1548575054,0,1,1818是真的沙雕 是内容沙雕
宁臣君-lotto-,5,保密,1548573747,0,1,为什么给我推荐了这个？害怕
爱啃骨头的骨头,5,男,1548571818,0,1,新闻开始不正经了啊
对就我叫夏洛,5,保密,1548571054,0,1,｡◕‿◕｡
lil弟弟,6,女,1548569450,0,1,读bilibili的声音总是想要模仿哈哈哈哈
Panther_Morgen,6,保密,1548568477,0,1,"面对灵魂拷问而选择战术回避时。黄金眼会在你意想不到的地方插入各种灵魂特写发起战术嘲讽
。(｀・ω・´)"
天亮了起来温粥,6,女,1548568966,0,1,哈哈哈哈(ಡωಡ)hiahiahia
海猴之bia,5,男,1548567394,0,1,"那么男的和男的聊什么呢？
就称兄door♂弟那样的嘛[小电视_笑]"
默然燃,6,保密,1548556654,0,1,快乐喷泉
考拉_Carla,5,保密,1548433197,0,1,从小米浏览器营销号发的广告追过来的哈哈哈哈哈哈哈哈哈
蔚蓝或ZZZ,6,男,1548153870,0,1,刺激的很233
是时候织毛衣了,6,男,1548151817,0,1,1818黄金眼？[2233娘_大笑]
bili_91366753,5,保密,1548126345,1,1,交♂流弹VAN幕网
Lmmortalo,6,男,1548120401,0,1,笑死了 好看视频
环形折射,5,男,1548117999,0,1,在b站里看电视上的b站里的电视:D
不要跟过去过不去了,5,女,1548106393,0,1,这是我在西瓜常看的黄金眼？
满月tree,5,保密,1548097866,0,1,b站看新闻通宵
钱修俊,6,男,1548072445,0,1,[2233娘_委屈]我也想躺着赚钱
ls下个路口见,5,女,1548066871,0,1,1818要火了！可能会成为最受年轻人喜爱的新闻节目！我的内心蜜汁欣慰(°∀°)ﾉ每天看1818下饭
紫金寅,6,男,1548055722,0,1,灵魂暴击
bilili300,6,保密,1548052192,0,1,废话不多说，关注
小懂事儿的温柔,5,女,1548049489,0,1,见证见证_(:3」∠)_啦啦啦
哈姆_哈姆,6,保密,1548047093,4,1,1818在哪个台，放寒假我要去电视看
排骨小将,6,保密,1548040147,0,1,哈哈哈哈哈直击心灵的灵魂拷问也就1818黄金眼了
逗一天,6,男,1548031601,0,1,给我们的黄金眼个关注 分享 投币 三连
名字什么的还是空着吧,6,男,1548006327,0,1,黄金眼都来了，那么百晓讲新闻呢←_←
西服面条君,6,男,1548005334,0,1,我突然想到让子弹飞了那段站着把钱给挣了哈哈哈哈哈
Z_0ll,6,保密,1548003511,0,1,还缺这种拷问行刑官吗？我抬杠贼6
钢铁魔女安妮洛兹,5,保密,1547998375,0,1,贼瘠薄逗[2233娘_大笑][2233娘_大笑]
索尓迦雷欧,6,男,1547997686,0,1,记者水平确实高啊
Yuki雪兔兔,5,女,1547996943,0,1,(=・ω・=)
unknown002,5,保密,1547996867,0,1,先占个楼
国报中精,5,男,1547996862,0,1,是你？不是你
捡个小肥皂儿,6,女,1547996318,0,1,23333333见证者
三分热的六六同学,6,男,1547996195,0,1,加油
喀秋莎SaSa,5,男,1547995955,0,1,传统媒体成功案例
